city,Nb vehicules,Nb vehicules elec,lat,lng,Indice critair,score ecosocial
neuilly sur seine,33860,397,48.8881,2.2686,1.0,74.33333333333334
boulogne billancourt,61503,1727,48.8352,2.2409,0.924241473663336,73.41666666666667
st cloud,15089,125,48.84,2.22,0.9076765411031307,77.75
garches,9173,60,48.8456,2.1869,0.9013902147137633,77.0
le plessis robinson,18081,117,48.7811,2.2633,0.8869277217299532,79.66666666666667
rouen,106609,929,49.4428,1.0886,0.8758302591364595,42.33333333333333
eze,2013,13,43.7278,7.3611,0.8565700108838263,70.08333333333333
levallois perret,32075,230,48.895,2.2872,0.8494791478055079,74.66666666666667
puteaux,32316,658,48.885,2.2389,0.8321846620006554,70.83333333333333
lesquin,10775,38,50.5897,3.1111,0.8281262468471517,75.66666666666666
st mande,7247,44,48.8422,2.4186,0.8276085017210009,74.83333333333334
sevres,10883,82,48.8239,2.2117,0.8236989344215733,72.83333333333333
sceaux,8209,66,48.7786,2.2906,0.8194541661112762,76.91666666666666
villefranche sur mer,3393,17,43.7042,7.3117,0.8166963533239917,68.25
la garenne colombes,12405,65,48.9056,2.2445,0.8154570880014895,76.5
beaulieu sur mer,2264,12,43.7069,7.3314,0.8116632822629621,58.83333333333333
nogent sur marne,13417,66,48.8375,2.4833,0.8109212510037849,74.33333333333334
charbonnieres les bains,3925,24,45.7806,4.7464,0.8088684243716528,79.41666666666666
paris,675617,9376,48.8566,2.3522,0.7986699850462871,62.083333333333336
viroflay,8233,44,48.8,2.1722,0.7938211173278154,83.08333333333334
rueil malmaison,56060,877,48.876,2.181,0.786789233727669,74.0
vincennes,16306,94,48.8478,2.4392,0.780195900171639,74.41666666666666
charenton le pont,11811,70,48.8265,2.405,0.7779245801311432,73.25
limonest,5897,32,45.8369,4.7719,0.7762172043340572,76.83333333333334
montrouge,19359,128,48.8172,2.3219,0.7685194622199352,71.66666666666666
st maur des fosses,38698,205,48.7994,2.4997,0.767774421033685,76.33333333333334
cassis,5446,43,43.2156,5.5372,0.7627337468901128,67.25
bois guillaume,9403,64,49.47,1.1194,0.7609003263916598,77.58333333333333
cleon,7701,18,49.315,1.0356,0.7604068869557428,26.25
meudon,21693,167,48.8123,2.2382,0.7582148325523006,71.16666666666666
antony,32128,199,48.7539,2.2975,0.753502666642663,74.08333333333334
bry sur marne,8881,33,48.8411,2.5222,0.7511719519744093,74.83333333333334
bois colombes,12547,58,48.9175,2.2683,0.7486064879284222,71.66666666666666
chaville,8749,56,48.8086,2.1886,0.7455979020145898,77.58333333333334
bondues,7155,37,50.7017,3.0933,0.7438356442810772,76.41666666666667
issy les moulineaux,43282,253,48.8239,2.27,0.743324713111857,76.16666666666666
velizy villacoublay,24266,95,48.7834,2.1834,0.7423961291549261,79.25
vanves,9268,68,48.8208,2.2897,0.7417036485964577,73.58333333333334
suresnes,22558,123,48.87,2.22,0.7398714155734916,72.41666666666666
ecully,11442,72,45.7744,4.7775,0.7327639090290501,64.91666666666667
bourg la reine,8138,74,48.7796,2.3151,0.7320880413246571,75.5
rungis,13043,114,48.7483,2.3497,0.7192897407671675,81.41666666666667
joinville le pont,8869,37,48.8214,2.4728,0.7145692765080129,67.75
chamalieres,11496,19,45.7736,3.0669,0.714298544411633,74.66666666666667
meylan,13578,85,45.2086,5.7794,0.7140574116322322,78.66666666666666
mont st aignan,13655,52,49.4625,1.0872,0.7130165787758105,64.58333333333334
mouvaux,8037,47,50.7033,3.1406,0.708606397814636,72.41666666666666
tassin la demi lune,14895,51,45.764,4.78,0.7046499899835417,73.66666666666666
clichy,27236,552,48.9044,2.3064,0.7018952104849827,49.25
balma,14466,150,43.6103,1.4986,0.6988815896884817,74.16666666666666
plan de cuques,7586,30,43.3469,5.4631,0.694907032802774,74.66666666666667
lagord,5829,42,46.1894,-1.1542,0.6947124483270297,75.33333333333333
laxou,9660,65,48.6856,6.1522,0.6890282791339355,44.16666666666667
clamart,26218,186,48.8014,2.2628,0.6882216154480489,68.91666666666667
dardilly,8959,54,45.8056,4.7531,0.6876694904140499,77.75
santeny,3137,40,48.7258,2.5722,0.6847610201209622,78.16666666666666
st genis les ollieres,3610,21,45.7572,4.7264,0.6844519581275672,79.16666666666666
souffelweyersheim,6329,32,48.635,7.7408,0.6843619073842024,72.33333333333333
lambersart,15321,51,50.65,3.025,0.6840718918053725,70.33333333333333
chatenay malabry,16899,84,48.7653,2.2781,0.6808108321467179,65.5
villers les nancy,9910,76,48.6731,6.1547,0.6791025638015058,69.83333333333333
la wantzenau,4533,30,48.6581,7.8283,0.6763320897847227,81.0
wambrechies,7467,35,50.6853,3.0486,0.6758936312343642,76.41666666666667
caluire et cuire,24875,137,45.7953,4.8472,0.6726078379904972,70.5
oberhausbergen,3398,24,48.6067,7.6853,0.6723468215121224,73.08333333333334
tourville la riviere,12730,80,49.3286,1.1053,0.6702058551103791,60.91666666666667
eguilles,6708,59,43.5686,5.3542,0.6675671710227795,77.41666666666666
puilboreau,5029,32,46.1858,-1.1172,0.667350275757773,72.5
la madeleine,11432,73,50.6558,3.071,0.6668286560786614,63.5
emmerin,1985,5,50.5933,3.0017,0.6662345146169919,80.16666666666667
le mesnil esnard,5248,23,49.4108,1.1419,0.665523097099816,76.66666666666666
wasquehal,14116,60,50.6694,3.1308,0.6654930058520625,69.16666666666666
le raincy,7259,41,48.8992,2.5231,0.6653889347896285,64.91666666666666
st laurent du var,22539,88,43.668,7.188,0.6652705225132407,67.25
sequedin,2944,14,50.6264,2.985,0.6642472141495377,78.66666666666666
st jorioz,4754,27,45.8336,6.1639,0.663639561103742,81.91666666666666
ventabren,4543,37,43.5389,5.2931,0.6636121670036075,77.83333333333334
carqueiranne,8216,41,43.095,6.0736,0.6635634267615731,69.58333333333334
cagnes sur mer,34727,219,43.6644,7.1489,0.6627750823620886,63.08333333333333
ste foy les lyon,12767,52,45.73,4.8,0.6610612241774634,73.91666666666667
malakoff,12663,99,48.8169,2.2944,0.6606408568803475,63.08333333333333
capinghem,1802,5,50.6444,2.9619,0.6571339367170039,72.16666666666667
carry le rouet,5048,31,43.3319,5.1519,0.6561251977693181,77.16666666666667
noiseau,2960,17,48.7769,2.5472,0.6541124911011291,81.58333333333333
bonsecours,3817,7,49.4278,1.1278,0.6534634141221045,70.41666666666666
fontenay aux roses,9635,71,48.7893,2.2888,0.6529988988195101,67.08333333333334
la tronche,3414,25,45.2064,5.7403,0.6489180456270005,74.91666666666666
allauch,15309,79,43.3369,5.4828,0.6484845128826047,75.41666666666666
maisons alfort,24934,69,48.8058,2.4378,0.6484029165457761,71.33333333333333
megeve,3507,10,45.8569,6.6175,0.6482370611436505,82.83333333333333
st priest en jarez,4714,23,45.4742,4.3781,0.6476968949581021,71.5
seyssins,5460,40,45.1561,5.6797,0.6470061745895106,78.91666666666667
craponne,7127,52,45.7453,4.7233,0.6420336215462279,76.08333333333334
arcueil,12373,104,48.8075,2.3361,0.6412484952938686,56.66666666666667
bezannes,2797,21,49.2233,3.9886,0.6407570047364524,79.91666666666666
poisy,5945,22,45.9222,6.0631,0.6403418964361296,78.41666666666667
fontaines sur saone,4147,19,45.8358,4.845,0.640276733626131,70.5
annecy,89712,573,45.916,6.133,0.6383416006044524,70.83333333333333
la valette du var,17323,57,43.1383,5.9831,0.6360175531088479,67.58333333333334
baisieux,3065,18,50.6153,3.2408,0.6358435832891565,81.75
gemenos,6371,55,43.2961,5.6269,0.6356752962153824,74.75
linselles,5291,27,50.7372,3.0794,0.6334314684935785,73.0
cabries,7494,64,43.4411,5.3797,0.6328100538249655,81.08333333333333
gournay sur marne,3991,23,48.8597,2.5764,0.6306621838803115,79.08333333333333
le pradet,8279,30,43.1056,6.0233,0.6291353090831331,72.08333333333333
heillecourt,5374,12,48.6525,6.1942,0.6286718495065489,77.5
royat,3206,9,45.765,3.05,0.6275302761997357,64.58333333333333
st orens de gameville,9460,120,43.5514,1.5342,0.6273563880467883,72.41666666666666
gentilly,9087,51,48.8133,2.3444,0.6244733352132097,52.583333333333336
reichstett,3510,19,48.6458,7.7522,0.6236252705027048,74.41666666666666
montferrier sur lez,2999,10,43.6686,3.8572,0.6235124393826772,75.25
aix en provence,99875,678,43.5263,5.4454,0.6230916225442922,61.33333333333333
chamonix mont blanc,7247,48,45.9222,6.8689,0.6207576891019584,74.58333333333334
sathonay camp,4876,2,45.8247,4.8744,0.6203503980312357,71.16666666666666
la gaude,5470,40,43.7219,7.1531,0.6198864791183012,75.83333333333334
roncq,10564,34,50.7536,3.1203,0.6197536449330774,74.16666666666666
lyon,238100,2144,45.76,4.84,0.6184950066171968,60.08333333333333
mundolsheim,4037,24,48.6436,7.7142,0.61808581389172,78.75
ceyrat,4641,16,45.7328,3.0633,0.6162458757361851,80.66666666666666
sausset les pins,5912,33,43.3322,5.1139,0.6132514193084129,74.91666666666666
nice,178599,1380,43.7034,7.2663,0.6119805399299469,48.75
vence,13203,77,43.7225,7.1119,0.6102232305828013,61.41666666666667
illkirch graffenstaden,18084,153,48.53,7.72,0.6078821841733624,64.0
bouc bel air,12149,89,43.4544,5.4144,0.6072701644890679,79.58333333333334
sallanches,12743,52,45.9364,6.6319,0.6035073711288592,76.91666666666666
six fours les plages,28893,108,43.1009,5.82,0.6032227353972592,64.41666666666666
venelles,6906,47,43.5983,5.4825,0.6026668119551815,76.5
st mandrier sur mer,3476,9,43.0761,5.9278,0.6025613034232133,61.66666666666667
pouillon,353,1,43.6044,-0.9964,0.6024827468599301,62.5
bihorel,4851,10,49.4547,1.1167,0.6014229427155326,67.25
cormontreuil,5070,25,49.2228,4.0519,0.6010681873076162,75.5
sucy en brie,15091,73,48.7697,2.5228,0.6006115361604554,71.0
pulnoy,4290,9,48.7011,6.2583,0.5995782145943682,72.75
st jean,8211,29,43.6653,1.505,0.5966389163348143,73.75
eschau,3913,20,48.4881,7.7158,0.5964035661998057,77.83333333333334
aubiere,9011,27,45.7508,3.1108,0.5952879882772004,63.083333333333336
lattes,14011,59,43.5678,3.9021,0.5951635594018296,67.16666666666667
neuville en ferrain,7413,18,50.7467,3.1581,0.5926184159774643,77.83333333333334
essey les nancy,5793,13,48.7058,6.2222,0.5901264429293347,59.83333333333333
ceyreste,3672,27,43.2136,5.6297,0.5895811144527756,75.5
montrabe,3470,20,43.6425,1.525,0.5893727745954132,79.0
cachan,10582,60,48.7919,2.3319,0.58893363476008,59.25
st genis laval,14221,60,45.696,4.793,0.5877696456279464,70.33333333333333
templemars,3185,15,50.5742,3.0544,0.587666541583419,75.41666666666666
sassenage,7834,25,45.205,5.665,0.5875575291112387,74.83333333333334
pibrac,6201,37,43.6169,1.2847,0.586973732639442,78.83333333333334
gieres,4258,18,45.1819,5.7919,0.584820649567952,72.75
fontenay sous bois,20691,94,48.8517,2.4772,0.5845479465245411,59.75
chatelaillon plage,4696,18,46.0731,-1.0881,0.5832438070352972,62.91666666666667
les houches,2807,18,45.89,6.7986,0.583194636712284,73.83333333333334
tournefeuille,19165,126,43.5853,1.3442,0.5830150875742452,74.33333333333334
vendenheim,4414,15,48.6675,7.7131,0.5819193937527691,74.33333333333334
santes,4003,11,50.5933,2.9622,0.5809269671907589,79.5
tinqueux,8276,20,49.25,3.9908,0.5806619943999634,72.33333333333333
chassieu,10009,47,45.7444,4.9664,0.5801638011674157,77.25
blagnac,17643,126,43.6364,1.3906,0.5796646866339423,64.75
la fouillouse,4196,7,45.5039,4.3136,0.5795001339326147,80.41666666666666
castelnau le lez,14799,87,43.6369,3.9019,0.5782727827583427,65.16666666666667
ludres,6443,25,48.6217,6.1617,0.5778129423374123,78.58333333333334
nancy,51982,580,48.6936,6.1846,0.5772606311839947,44.25
nanterre,71271,763,48.8988,2.1969,0.5758100066406433,48.75
ollioules,10744,47,43.1394,5.8469,0.5757589353728441,65.33333333333334
saulxures les nancy,2818,6,48.6889,6.2469,0.574054456807211,72.75
bousbecque,3160,8,50.7708,3.0786,0.5737789912902143,78.41666666666667
st galmier,4407,8,45.59,4.3172,0.5732492100473388,79.25
simiane collongue,4327,30,43.4311,5.4325,0.5729444673951489,77.08333333333334
fegersheim,4137,11,48.4906,7.6803,0.5722069440453112,77.83333333333333
coubron,3023,21,48.9153,2.5775,0.5721168460805068,78.66666666666666
noisy le grand,37629,151,48.8478,2.5528,0.5717068037890347,56.25
les lilas,6511,26,48.88,2.42,0.5716838627974252,58.75
croix,11141,46,50.6781,3.1508,0.5709674931296402,57.416666666666664
gattieres,3379,7,43.7594,7.1758,0.5688084334216588,75.16666666666667
pelissanne,7677,39,43.6314,5.1506,0.5683455762075158,75.83333333333334
fretin,3486,16,50.5575,3.1342,0.5680800375664821,78.16666666666666
ormesson sur marne,6974,41,48.7858,2.5383,0.5676295021085447,78.0
holtzheim,2518,9,48.5586,7.6411,0.5670164921449401,80.83333333333334
roquevaire,7143,44,43.3494,5.6047,0.5663783768515502,70.5
beaurains,4235,15,50.2631,2.7886,0.5663664003111459,63.333333333333336
dainville,3849,10,50.2819,2.7272,0.5660021498356489,72.5
perenchies,4992,18,50.6681,2.9725,0.5659839860753468,69.91666666666666
carnoux en provence,4962,26,43.2564,5.5644,0.5647518890682264,68.91666666666667
chennevieres sur marne,11172,50,48.7983,2.5339,0.5645672166737383,57.16666666666667
neuilly plaisance,10448,52,48.8619,2.5064,0.5631150304009407,65.41666666666666
le plessis trevise,10999,41,48.8111,2.5717,0.5618734745492828,72.33333333333334
eybens,7368,34,45.1486,5.7503,0.5612364118844875,69.91666666666666
freneuse,724,1,49.0472,1.6008,0.561038684664136,61.0
wavrin,5122,13,50.5739,2.9389,0.5607733753349455,67.91666666666666
seclin,9552,57,50.5483,3.0294,0.5605023075177513,58.25
clapiers,3811,26,43.6575,3.8883,0.5601327867150498,69.33333333333333
eckbolsheim,5192,18,48.5789,7.6897,0.559963459856816,73.58333333333334
montelier,3378,22,44.9375,5.0311,0.5586141098504958,77.5
perols,7241,37,43.565,3.9506,0.5521776440095705,67.75
boos,2778,13,49.3881,1.2031,0.5516937740358521,80.91666666666667
meyreuil,5746,48,43.4861,5.4956,0.5511920811104085,76.25
st gervais les bains,4836,8,45.8925,6.7136,0.5510707911115502,80.83333333333334
st savournin,2552,17,43.4064,5.5275,0.5495733602479018,78.0
villecresnes,7186,30,48.7214,2.5342,0.547968235925056,76.75
thiais,14066,56,48.765,2.3923,0.5458683245246592,62.75
rognes,3801,27,43.6644,5.3472,0.5452983636126079,66.58333333333333
toufflers,2650,9,50.6608,3.2297,0.5452574453775894,78.41666666666667
leers,6330,23,50.6817,3.2439,0.5446834771021605,73.75
le revest les eaux,2928,10,43.1764,5.9264,0.5439460530911804,78.91666666666667
st max,5225,24,48.7011,6.2067,0.5436250863146475,57.0
st andre de la roche,3562,11,43.74,7.2878,0.5435806172404458,66.25
seichamps,3299,6,48.7158,6.2661,0.5431128705832413,75.25
plobsheim,3055,25,48.4697,7.7258,0.5429254365073675,77.83333333333334
chevilly larue,10378,48,48.7664,2.3533,0.5426112753364829,59.83333333333333
juvisy sur orge,7650,19,48.6883,2.3775,0.5421012609293094,61.166666666666664
arras,26019,301,50.292,2.78,0.5413241125211741,36.333333333333336
levens,3618,21,43.8608,7.2244,0.540773299262649,72.58333333333333
achicourt,4825,7,50.2733,2.7594,0.540032378943947,55.25
st leger du bourg denis,2125,5,49.4344,1.1506,0.539581232099696,64.0
st xandre,3822,16,46.2047,-1.1025,0.5395454908798962,76.83333333333334
nieul sur mer,4628,16,46.2067,-1.1636,0.5395178051528768,70.41666666666667
velaux,7169,49,43.5225,5.2539,0.5393594851749146,74.66666666666666
la talaudiere,5539,22,45.4814,4.4319,0.5383628152373028,68.66666666666666
marignier,5430,15,46.0903,6.4997,0.5359416172097551,80.5
la ciotat,27247,122,43.1769,5.6086,0.5352004055601194,59.66666666666667
greasque,3234,28,43.4306,5.5392,0.5346174314704997,77.33333333333334
st egreve,11023,72,45.2317,5.6831,0.5315292517372892,73.41666666666667
etoile sur rhone,4366,17,44.8369,4.8939,0.5313340061530263,72.66666666666667
st jean de vedas,10852,44,43.5764,3.8239,0.530848220922242,69.25
la bouilladisse,4665,43,43.3953,5.5953,0.5307277413030294,77.5
baillargues,5874,26,43.6611,4.0128,0.5297749461264343,71.58333333333333
grans,4160,16,43.6086,5.0631,0.5295408055642015,74.16666666666666
domene,4560,22,45.2025,5.8389,0.5294753905341154,71.91666666666666
hyeres,39481,150,43.1199,6.1316,0.5293006940329583,57.083333333333336
houplin ancoisne,2352,7,50.5636,3.0017,0.5275514639349668,75.41666666666666
bischheim,13188,25,48.6139,7.7519,0.5272484224398126,44.25
erquinghem lys,4654,6,50.6756,2.8475,0.5268536730713378,74.0
st cannat,4803,29,43.6214,5.2981,0.5263389362558528,71.83333333333334
st genest lerpt,4341,12,45.4461,4.3367,0.5252391134440719,71.41666666666667
beaumont les valence,3417,8,44.8619,4.9428,0.5247412064340042,76.66666666666666
colombes,33755,157,48.9236,2.2522,0.5242724614562206,57.08333333333333
la crau,14955,38,43.1497,6.0742,0.5239952813035433,72.08333333333333
la destrousse,2871,13,43.3764,5.6067,0.5239104355922062,75.08333333333333
oullins,13628,42,45.715,4.8083,0.5228838189289595,64.91666666666666
creteil,40251,440,48.7911,2.4628,0.5228355173729424,50.083333333333336
aubagne,34363,184,43.2908,5.5708,0.5221419468862734,57.416666666666664
thyez,4987,32,46.0836,6.5411,0.5216796406623074,74.91666666666666
passy,8937,48,45.9236,6.6864,0.5216167469700781,79.66666666666666
witry les reims,3833,10,49.2931,4.1208,0.5213887899273271,79.75
le cres,6708,30,43.6472,3.9392,0.5194119075335712,71.66666666666666
la fare les oliviers,6258,19,43.5517,5.1947,0.5189363581030539,73.5
la trinite,6537,18,43.7408,7.3142,0.518472825212168,67.08333333333333
montmeyran,2408,13,44.8331,4.975,0.5177248393157852,71.25
sainghin en weppes,3360,6,50.5625,2.9006,0.5171880448828525,77.08333333333334
tourrette levens,3215,10,43.7867,7.2758,0.5169962491025726,72.75
sorbiers,6223,11,45.4878,4.4503,0.5163683184653451,78.75
cornebarrieu,5432,38,43.6494,1.3264,0.5147744463500974,74.08333333333334
betheny,5256,15,49.2847,4.0569,0.5139508207912318,73.33333333333333
savigny sur orge,19676,62,48.6797,2.3457,0.5135312857808092,64.75
gagnac sur garonne,2202,8,43.6989,1.3756,0.5125608309018186,72.75
lespinasse,4096,7,43.7083,1.3858,0.5118296861684075,73.33333333333333
la rochelle,46763,346,46.1591,-1.1517,0.5115385245771198,45.50000000000001
mandres les roses,3532,18,48.7022,2.5444,0.5102906576222344,78.66666666666666
mondonville,3463,17,43.6711,1.2875,0.5095676277626668,73.5
les pennes mirabeau,17299,80,43.4106,5.3103,0.5093013429637496,75.33333333333334
willems,1974,10,50.6319,3.2383,0.5091198124486631,70.66666666666666
romagnat,6112,22,45.7294,3.1006,0.5085214445617843,75.16666666666667
malzeville,4732,11,48.7103,6.1864,0.5077249443766867,58.833333333333336
marseille,427971,2060,43.2964,5.37,0.5064990244564211,39.333333333333336
alixan,2460,27,44.975,5.0275,0.5058480286916813,69.91666666666666
albigny sur saone,1581,2,45.8653,4.8319,0.5055061815404276,69.58333333333333
geispolsheim,6125,35,48.515,7.6464,0.5046803402159559,74.83333333333334
roquefort la bedoule,4639,28,43.2475,5.5908,0.5044538685690867,69.58333333333334
quesnoy sur deule,4494,14,50.7125,2.9994,0.5034127100425536,72.58333333333333
villiers sur marne,13207,48,48.8275,2.5447,0.5028579752384057,63.58333333333333
mimet,3671,22,43.4136,5.5056,0.5020373734771915,78.58333333333334
jonage,4953,26,45.7964,5.0467,0.49792062224174805,82.58333333333334
la seyne sur mer,41958,96,43.1,5.883,0.4970303507769822,48.41666666666667
ivry sur seine,22812,98,48.8078,2.3747,0.4967112352283305,40.41666666666667
villemomble,13434,44,48.8833,2.5,0.49658891385898984,58.16666666666667
lille,102230,913,50.6278,3.0583,0.4962820796978744,37.416666666666664
le puy ste reparade,4062,24,43.6633,5.4372,0.4958690710452185,66.25
castelginest,7072,32,43.6936,1.4328,0.49557556288390003,70.58333333333334
irigny,6254,26,45.6731,4.8225,0.49546198361130367,70.91666666666667
dompierre sur mer,4524,25,46.1878,-1.065,0.4953828814058281,78.5
st jean bonnefonds,5355,31,45.4511,4.4464,0.4953214154140695,73.41666666666667
fuveau,7756,40,43.4522,5.5617,0.4952724916625386,78.25
st martin le vinoux,3565,22,45.2031,5.7164,0.495195476941825,59.25
paray vieille poste,5003,18,48.7081,2.3628,0.4937723822744977,68.91666666666667
corbas,9306,50,45.6681,4.9019,0.49348933949578866,73.41666666666666
grenoble,71958,702,45.1715,5.7224,0.4929670495980836,50.0
jacou,4582,30,43.6608,3.9103,0.4923758376832228,70.58333333333334
wervicq sud,3204,10,50.7722,3.0478,0.4919569832784467,64.33333333333333
peypin,4602,26,43.3858,5.5783,0.49165536619057226,77.0
lambesc,7048,30,43.6539,5.2619,0.490774747093389,69.08333333333333
aussonne,5211,19,43.6839,1.3197,0.49037370828428184,74.66666666666667
aytre,7666,25,46.1342,-1.1144,0.48887022292320736,57.83333333333333
toulouse,249713,1359,43.6045,1.444,0.4888511795786008,48.33333333333333
vernaison,3063,9,45.6478,4.8114,0.4886090551960436,70.25
toulon,93141,301,43.1258,5.9306,0.4878759132209578,47.583333333333336
aucamville,6217,18,43.6686,1.4306,0.4873603497022181,66.16666666666666
auriol,8922,40,43.3694,5.6314,0.48723600881394225,73.41666666666667
beauzelle,4669,22,43.6653,1.3775,0.4869375114046459,68.33333333333334
fenouillet,4922,17,43.6797,1.3939,0.48677672547129003,60.75
eyguieres,5674,25,43.6953,5.0311,0.4851910259191663,69.91666666666666
la queue en brie,6834,20,48.7894,2.5767,0.4848591238243207,71.16666666666666
le kremlin bicetre,7325,27,48.81,2.3581,0.484732568843127,57.16666666666667
prades le lez,4133,22,43.6989,3.8647,0.48446325203126017,74.91666666666666
notre dame de bondeville,4088,15,49.4883,1.0483,0.4825422186743844,58.333333333333336
bruguieres,4677,25,43.7242,1.4114,0.48154638002979366,74.66666666666667
viry chatillon,18891,103,48.6713,2.375,0.4806259736839875,54.41666666666666
vif,6311,23,45.0553,5.67,0.47938308457826206,77.33333333333334
st zacharie,3945,18,43.3842,5.7067,0.47811261751943546,71.33333333333334
neuville sur saone,4559,20,45.8761,4.8411,0.4779260223615527,58.75
st nicolas,2442,13,50.3028,2.7772,0.47749709898670023,44.16666666666667
angoulins,3021,13,46.1042,-1.11,0.4774385275444355,70.33333333333334
salon de provence,30282,103,43.6406,5.0972,0.47699206516130355,53.75
mours st eusebe,2604,5,45.0714,5.0514,0.47474665278233275,79.58333333333334
laneuveville devant nancy,3999,4,48.6553,6.2314,0.474736757954076,61.5
villejuif,20201,67,48.7919,2.3636,0.47464111007014154,48.41666666666667
haubourdin,7740,23,50.6092,2.9869,0.4740348848030598,56.166666666666664
reims,95436,316,49.2628,4.0347,0.4729744981239281,39.916666666666664
ronchin,9727,39,50.6047,3.0878,0.472973311773651,52.0
boissy st leger,8354,50,48.7503,2.5097,0.47290651557482777,51.25
cuges les pins,4010,11,43.2764,5.7006,0.47247920723782766,70.41666666666666
vendargues,5831,28,43.6578,3.9694,0.4720093964329757,70.91666666666666
magland,2713,14,46.0219,6.6197,0.4719389396448057,78.41666666666667
bonneville,9186,34,46.0789,6.4008,0.47154709446620746,63.33333333333333
cugnaux,12710,56,43.5378,1.3436,0.4704275361145078,64.0
colomiers,25636,139,43.6139,1.3367,0.46981206842812284,60.58333333333333
la mulatiere,3234,7,45.7281,4.8122,0.46918228968690245,54.91666666666667
alfortville,17247,40,48.805,2.4239,0.46786507597253557,48.41666666666667
lingolsheim,10982,25,48.5575,7.6831,0.4673935844378625,58.0
gratentour,3159,19,43.7211,1.4314,0.46678056429176396,76.25
st martin du var,2121,9,43.8222,7.1922,0.46674683108959725,74.08333333333334
rosny sous bois,19078,197,48.8667,2.4833,0.46617139878035907,52.16666666666667
clermont ferrand,85263,537,45.7831,3.0824,0.4660632177011834,41.41666666666667
villeneuve tolosane,7077,27,43.5236,1.3417,0.4659454526207205,67.75
carros,10696,48,43.7725,7.1933,0.4653783485411678,60.91666666666667
marnaz,4328,14,46.0592,6.5258,0.46263076479981535,68.58333333333333
la bassee,3655,0,50.5336,2.8072,0.46254958901452436,51.25
lancon provence,7318,34,43.5925,5.1281,0.46246152445446764,74.16666666666666
wattignies,7724,32,50.585,3.0431,0.4611723524445144,49.91666666666667
la penne sur huveaune,4563,19,43.2806,5.5158,0.4610880101066619,65.5
castries,4923,19,43.6789,3.9814,0.46093042750945923,70.25
launaguet,6133,22,43.6739,1.4569,0.46062167008943167,66.58333333333334
st heand,2646,6,45.5286,4.3728,0.4588283870893819,83.66666666666667
valence,43218,188,44.9333,4.8917,0.4568373117324307,45.083333333333336
trets,8157,28,43.4469,5.6858,0.4561882236866244,66.33333333333333
chabeuil,5447,24,44.8997,5.02,0.45598087938128673,71.75
ostwald,7578,24,48.5511,7.7136,0.45546069238361087,54.33333333333333
mions,9939,41,45.6631,4.9531,0.4549803729124706,70.75
bourg les valence,13658,91,44.9475,4.8953,0.4547981762335609,56.58333333333333
jouques,3559,28,43.6369,5.6367,0.45351545129643833,71.58333333333333
deville les rouen,5488,7,49.4697,1.0497,0.45305597763178307,42.91666666666667
hem,10614,60,50.6553,3.1878,0.45302660980526044,51.66666666666667
st mitre les remparts,4806,20,43.455,5.0142,0.4517288981098613,70.66666666666666
le grand quevilly,16682,43,49.4072,1.0531,0.451230712611181,57.16666666666667
villeurbanne,69681,229,45.7667,4.8803,0.45113069425556374,50.0
juvignac,7558,25,43.6131,3.8097,0.45052437766524767,60.0
grabels,5487,21,43.6481,3.8017,0.4483742521346792,56.916666666666664
gennevilliers,29416,222,48.9333,2.3,0.44707706935446634,33.75
alleins,2018,12,43.7039,5.1617,0.4454055646432904,72.5
st chamas,6249,32,43.5503,5.0347,0.4453327295736056,65.83333333333333
peyrins,2192,9,45.0931,5.0472,0.4406245903263084,72.0
mallemort,5049,36,43.7308,5.1794,0.43975965125017646,66.75
meyrargues,2675,19,43.6356,5.5283,0.4394606410032029,64.66666666666667
laverune,2559,6,43.5856,3.8056,0.43903496479992965,64.0
ensues la redonne,4442,21,43.3558,5.2042,0.4387366105795225,75.41666666666666
pignan,5274,16,43.5842,3.7619,0.4386081621549369,67.33333333333333
pertuis,15370,40,43.695,5.5036,0.4381105663986018,58.083333333333336
montreuil,41567,190,48.8611,2.4436,0.4364674757211806,50.58333333333333
strasbourg,129584,854,48.5833,7.7458,0.43511370713477904,39.25
champigny sur marne,34576,158,48.8172,2.5156,0.43441606083982753,50.083333333333336
chateaugay,2810,14,45.8511,3.0847,0.4338411440228045,79.25
cebazat,6367,22,45.8314,3.1,0.43241293318177165,68.16666666666666
gardanne,16370,84,43.4553,5.476,0.43116303392497235,63.58333333333333
ste soulle,3674,13,46.1861,-1.0119,0.42858406866619925,76.16666666666666
houplines,5099,13,50.6908,2.9092,0.42756836974607104,60.83333333333333
le cendre,3888,6,45.7225,3.1872,0.42673202920575815,73.33333333333333
blanzat,2844,3,45.8297,3.0781,0.4252350614520979,74.33333333333334
tomblaine,5381,21,48.6856,6.2117,0.4248710455292892,59.16666666666667
roche la moliere,7202,10,45.4339,4.3236,0.4231442880918328,68.0
jarville la malgrange,4513,12,48.6694,6.2061,0.42207048763044197,38.083333333333336
meyzieu,22185,91,45.7667,5.0036,0.42170820703415757,62.75
le rove,4039,18,43.3692,5.2503,0.42142479520631815,75.41666666666666
le pre st gervais,4457,16,48.885,2.4039,0.42133112189745514,42.75
vizille,4892,16,45.0783,5.7719,0.42026777532719883,63.75
athis mons,17307,47,48.7074,2.3889,0.41859430169517076,65.0
lempdes,7216,27,45.7711,3.1936,0.41746024291794104,71.75
montpellier,144260,671,43.6119,3.8772,0.4168682597594544,31.75
bron,22322,60,45.7394,4.9139,0.41591778695853776,50.833333333333336
rognac,9872,26,43.4878,5.2322,0.41498842518821233,71.75
fraisses,2917,5,45.3878,4.2661,0.41361279798302286,70.91666666666666
st gilles,194,2,43.6778,4.4311,0.41340330797435687,29.333333333333336
loos,11600,33,50.6128,3.0144,0.4125564971049722,41.833333333333336
fos sur mer,15104,137,43.4544,4.9436,0.41243457715957943,65.16666666666667
bourg de peage,7728,24,45.0378,5.05,0.4123864336384502,52.16666666666667
les pavillons sous bois,11484,47,48.9,2.5,0.41054977216948885,52.16666666666667
limeil brevannes,12579,29,48.7464,2.4883,0.40989150479988945,62.0
portes les valence,8638,20,44.8733,4.8764,0.40963340667992254,57.41666666666667
gagny,18568,75,48.8833,2.5333,0.4088438182107108,56.08333333333333
chatuzange le goubet,4721,15,45.0067,5.0908,0.40857050879047563,80.16666666666667
fabregues,5440,15,43.5503,3.7761,0.40785813033454055,68.25
ablon sur seine,2709,10,48.7256,2.4211,0.40745192580777134,63.166666666666664
pont du chateau,9342,24,45.7983,3.2483,0.40731323298061906,74.33333333333334
istres,29822,269,43.5151,4.9895,0.407237243005925,63.41666666666667
halluin,11817,30,50.7836,3.1256,0.40676820548410086,56.25
amfreville la mi voie,1895,5,49.4019,1.13,0.40581770746027646,54.91666666666666
peyrolles en provence,3609,22,43.6456,5.585,0.40509388048500483,64.58333333333333
martigues,32122,110,43.4053,5.0475,0.4049812781867619,52.916666666666664
comines,7860,20,50.7611,3.0078,0.4028545771071457,61.33333333333333
vaujours,4123,22,48.9339,2.5719,0.40261700025323366,61.91666666666666
vitrolles,29290,113,43.46,5.2486,0.40179480419363456,54.41666666666666
st victoret,5567,28,43.4208,5.2333,0.40144672663341385,57.75
villeneuve les maguelone,6576,24,43.5322,3.8608,0.4003571714413354,62.83333333333333
decines charpieu,19092,98,45.7694,4.9594,0.3984155407591876,56.833333333333336
cluses,11605,53,46.0603,6.5786,0.39834198210102834,56.0
darnetal,4926,18,49.4447,1.1511,0.39807413547083703,32.416666666666664
maxeville,6054,12,48.7114,6.1631,0.3972738838343548,22.083333333333336
st marcel les valence,4974,14,44.9708,4.9567,0.3965824629355965,69.16666666666666
salome,2059,8,50.5319,2.8428,0.3958485552972042,68.58333333333333
feyzin,8525,50,45.6728,4.8589,0.395541287157291,57.33333333333333
chateauneuf les martigues,12263,33,43.3831,5.1642,0.39416699367215635,63.66666666666667
romans sur isere,23075,83,45.0464,5.0517,0.3941282974958149,42.08333333333333
le houlme,2530,7,49.5081,1.0361,0.39315955428168525,54.25
st jory,5485,23,43.7422,1.3697,0.39214279184720624,67.66666666666667
marignane,23949,95,43.416,5.2145,0.38996127060327535,53.5
septemes les vallons,7594,27,43.3983,5.3658,0.38965213828010103,56.58333333333333
rillieux la pape,17529,90,45.8214,4.8983,0.38655918984354143,43.66666666666667
duclair,2852,7,49.4847,0.8753,0.3843234100723656,68.91666666666667
romainville,10618,49,48.884,2.435,0.38340120100957575,40.583333333333336
gerzat,8546,27,45.8258,3.1447,0.3829648680437199,62.08333333333333
neuilly sur marne,14727,34,48.8537,2.549,0.382048956807175,54.916666666666664
st etienne,92335,417,45.4347,4.3903,0.38201353125708915,33.5
sotteville les rouen,18216,51,49.4092,1.09,0.37986374318636695,48.16666666666667
echirolles,20208,97,45.1436,5.7183,0.37804498979478884,43.5
chateauneuf sur isere,3724,28,45.0139,4.9347,0.37723230194222124,74.58333333333333
choisy le roi,16851,33,48.763,2.409,0.3759928968654602,46.5
schiltigheim,18032,62,48.6078,7.75,0.3747422355795851,37.75
wolfisheim,3330,16,48.5867,7.6664,0.37217741575634644,74.41666666666666
gignac la nerthe,7678,16,43.3932,5.2356,0.37109780099257517,65.0
charleval,1957,4,43.7186,5.2456,0.3696789017969304,65.5
livry gargan,22223,53,48.9192,2.5361,0.36946628255541336,56.00000000000001
pantin,17043,104,48.8966,2.4017,0.3684544656069342,38.91666666666667
bonneuil sur marne,8312,16,48.7742,2.4875,0.3669302565743222,42.0
malaunay,3928,22,49.5261,1.0403,0.36450462282687246,66.83333333333334
cournonterral,4743,11,43.5578,3.7189,0.36254570288604393,61.16666666666667
vitry sur seine,34813,124,48.7875,2.3928,0.36160029612735567,43.5
st pierre les elbeuf,5767,16,49.2775,1.0406,0.3613878920143341,58.833333333333336
maromme,5849,15,49.4819,1.0419,0.3587406793349208,26.916666666666664
senas,5164,15,43.7444,5.0786,0.35753366692237565,60.66666666666666
st leonard,259,1,50.6906,1.6242,0.3552564393253106,72.41666666666666
orly,10827,136,48.7439,2.3928,0.35392810466661206,44.416666666666664
st paul en jarez,3208,10,45.4831,4.5744,0.3505639549065531,72.08333333333333
villeneuve le roi,12033,26,48.7333,2.4167,0.34481707581448706,56.416666666666664
scionzier,6040,12,46.0572,6.55,0.3438381797906054,61.83333333333333
le bourget,7600,27,48.9344,2.4244,0.3430687208009502,29.166666666666668
armentieres,12834,26,50.6881,2.8811,0.34172015148786183,38.25
st aubin les elbeuf,5094,13,49.3003,1.0111,0.3412113302011064,55.583333333333336
unieux,5747,9,45.4017,4.2614,0.335675588867165,63.25
cournonsec,2554,3,43.5486,3.7047,0.330586373899469,66.91666666666666
pierre benite,6087,11,45.7036,4.8242,0.3247933687909197,51.0
st chamond,21747,35,45.4775,4.5153,0.31911123764903504,50.41666666666667
bagnolet,10980,33,48.8692,2.4181,0.316605690826651,38.33333333333333
le pont de claix,6399,15,45.1231,5.6981,0.3099216514545047,52.91666666666667
aubervilliers,30221,161,48.9131,2.3831,0.30754242555193745,11.916666666666666
firminy,10122,17,45.3881,4.2872,0.3072867846509819,43.166666666666664
villeneuve la garenne,9566,62,48.9372,2.3278,0.30224977250647544,38.083333333333336
venissieux,38132,324,45.6978,4.8867,0.29932968119427183,20.333333333333332
le petit quevilly,11745,46,49.4311,1.0539,0.2961728826576495,37.583333333333336
oissel,6498,20,49.3419,1.0914,0.29034591160502154,48.75
canteleu,7431,36,49.4511,1.0361,0.2884711100373152,30.333333333333332
caudebec les elbeuf,5691,14,49.2808,1.0211,0.2879117388793464,41.666666666666664
wattrelos,22462,22,50.7,3.217,0.2855863364445441,42.416666666666664
noisy le sec,15687,78,48.8894,2.4503,0.277939618179754,34.25
grand couronne,6704,22,49.3575,1.0072,0.2745695895017093,44.0
st etienne du rouvray,17138,52,49.3786,1.105,0.2733509523590363,31.666666666666664
miramas,16337,48,43.5822,5.0019,0.2656336896046807,45.5
la grand croix,3171,9,45.5031,4.5689,0.26345897752415404,53.166666666666664
fismes,3534,4,49.3072,3.6806,0.2633290652234299,54.58333333333333
tourcoing,46198,80,50.7239,3.1612,0.25719957429018736,28.333333333333336
aulnat,2780,2,45.7992,3.1675,0.2540609029287406,60.0
lorette,3267,3,45.5119,4.5811,0.25303765190576977,54.833333333333336
le trait,3197,12,49.4881,0.8053,0.2507339527842656,46.08333333333333
elbeuf,8019,38,49.2858,1.0083,0.24600380640973185,12.250000000000002
vaulx en velin,29858,113,45.7768,4.9186,0.2394456186324394,22.083333333333336
port st louis du rhone,5915,20,43.3875,4.8044,0.23603054864829742,45.666666666666664
argenteuil,48615,136,48.95,2.25,0.23250616477115438,37.75
montfermeil,14079,53,48.9,2.5667,0.23001325227755087,47.416666666666664
st fons,10949,25,45.7086,4.8533,0.22668916177736165,24.583333333333336
port de bouc,11228,27,43.405,4.9886,0.221938676546523,38.5
drancy,30370,130,48.93,2.45,0.22079894426896862,30.25
valenton,6726,35,48.745,2.4672,0.2163610429655467,33.91666666666667
aulnay sous bois,36565,109,48.9386,2.4906,0.20971054318581173,33.33333333333333
le chambon feugerolles,7932,24,45.3961,4.325,0.20571606252155883,39.58333333333333
bobigny,19130,343,48.9106,2.4397,0.1965147632360562,21.083333333333332
bondy,20021,30,48.9022,2.4828,0.1838924630592027,25.833333333333332
villeneuve st georges,13104,30,48.7325,2.4497,0.16140148124756948,27.833333333333332
le blanc mesnil,23050,20,48.9387,2.4614,0.15196803716485396,26.000000000000004
epinay sur seine,17812,45,48.9553,2.3092,0.1492322945929372,31.999999999999996
rive de gier,8289,20,45.5294,4.6169,0.14370243157638152,38.58333333333333
givors,10800,42,45.5906,4.7689,0.1433742856230702,28.833333333333336
dugny,3789,16,48.9536,2.4164,0.13410145859658273,24.166666666666664
la ricamarie,4639,5,45.4031,4.3644,0.11396282197513141,22.916666666666664
la courneuve,13238,74,48.9322,2.3967,0.106262018185459,6.583333333333332
sevran,18742,25,48.9333,2.5333,0.07290685958943488,25.833333333333332
stains,12892,27,48.95,2.3833,0.06384115100632082,18.500000000000004
pierrefitte sur seine,9829,12,48.9656,2.3614,0.04092419622564947,15.083333333333334
roubaix,37288,104,50.6901,3.1817,0.012925572378304828,0.0
clichy sous bois,10720,18,48.9102,2.5532,0.0,13.999999999999996
